nom_entreprise,attaque,Taille.de.la.Composition.du.Groupe,Indic..d.indép..BvD,Nombre.d.actionnaires,Nombre.de.bénéficiaires.effectifs..déf.10..10..,Nombre.de.bénéficiaires.effectifs..déf.10..50..,Nombre.de.bénéficiaires.effectifs..déf.25..25..,Nombre.de.dirigeants,Nombre.de.dirigeants.actuels,Nombre.de.dirigeants.précédents,DM..As.any.category,Dirigeant..Sexe,Dirigeant..Age,Dirigeant..Tranche.d.âge,Dirigeant..Aussi.actionnaire,Dirigeant..Nombre.d.entreprises.dans.lesquelles.une.fonction.est.exercée,diffmoy_Cours...bénéfice.par.action...moyenne,diffmoy_Capitalisation...Capitaux.propres,diffmoy_Capitalisation...Total.du.bilan..Tobin.s.Q,diffmoy_Capitaux.propres.par.action..EUR,diffmoy_Probabilité.de.faillite,diffmoy_Coefficient.d.endettement,diffmoy_Solvabilité,diffmoy_Rend..du.capital.investi,diffmoy_Rend..des.capitaux.propres.nets,diffmoy_ROA.à.partir.du.résultat.av..impôts,diffmoy_ROCE.à.partir.du.revenu.net1,diffmoy_Dépenses.de.R.D...Produit.d.exploitation,diffmoy_Performance
ALES GROUPE,1,29,D,10,4,4,1,37,23,27,Non,H,90,> 75,Oui,3,,-1.125606707,-0.883887538,-103.1884276,4.226078799,-3.194029851,-3.166311301,11.63487368,9.457319737,2.854390977,11.50576012,0.033002946,-3.585090395
ALTICE FRANCE S.A.,1,504,D,1,1,1,1,45,16,32,Non,H,59,56 - 65,Non,51,,,,,-0.773921201,-3.194029851,-4.166311301,11.43787368,1.603319737,1.197390977,12.52776012,-2.130997054,-6.193090395
ALTRAN TECHNOLOGIES,1,398,D,13,0,0,0,61,25,44,Oui,H,59,56 - 65,Non,34,,,,,-0.773921201,-3.194029851,-4.166311301,23.27687368,26.31831974,9.444390977,20.41876012,-2.130997054,3.197909605
CASINO GUICHARD-PERRACHON,1,1590,D,64,1,1,1,76,43,45,Oui,H,59,56 - 65,Non,10,-25.94598423,-2.893606707,-1.484887538,21.25357241,-1.773921201,-3.194029851,-2.166311301,18.75187368,21.68531974,7.064390977,21.78376012,-2.130997054,0.128909605
COMPAGNIE DES ALPES,1,87,B+,22,0,0,0,54,25,39,Oui,H,64,56 - 65,Non,64,-16.16498423,-2.730606707,-1.329887538,-75.70842759,-1.773921201,-0.194029851,0.833688699,13.28887368,12.78531974,5.286390977,12.91976012,-2.130997054,2.707909605
DANONE,1,445,A+,88,0,0,0,59,34,45,Oui,H,56,56 - 65,Non,146,-3.395984234,-0.250606707,-0.706887538,-88.72442759,-2.773921201,-3.194029851,-4.166311301,16.22087368,26.04331974,7.699390977,14.91476012,-0.619997054,7.207909605
LAGARDERE SCA,1,678,A+,55,5,3,0,44,32,31,Oui,H,59,56 - 65,Non,118,-10.71298423,-1.542606707,-1.158887538,-93.32142759,-1.773921201,-3.194029851,-4.166311301,16.02687368,19.13231974,5.133390977,15.01976012,-2.130997054,-1.277090395
PERNOD RICARD,1,410,B+,102,1,1,1,82,64,30,Oui,H,53,46 - 55,Non,4,-6.345984234,-1.276606707,-0.736887538,-57.95542759,-0.773921201,-3.194029851,-4.166311301,15.65387368,18.42331974,7.150390977,15.28576012,-2.130997054,14.4269096
SCOR SE,1,127,A+,77,0,0,0,80,38,62,Oui,H,68,66 - 75,Non,91,-18.45998423,-2.294606707,-1.458887538,-74.24242759,-1.773921201,,,,17.70031974,3.498390977,,,0.855909605
XPO LOGISTICS EUROPE,1,596,D,5,0,0,0,40,28,24,Non,H,71,66 - 75,Non,2,-5.131984234,-0.677606707,-1.023887538,-28.94342759,1.226078799,-3.194029851,-4.166311301,18.47187368,23.64531974,5.688390977,16.95076012,-2.130997054,-2.199090395
ACCOR,1,612,B+,54,0,0,0,84,40,55,Oui,H,58,56 - 65,Non,2797,196.2455891,-0.180918715,-50.53745558,-279.3533715,,-0.393282774,0.764897075,2.284844691,4.846356534,2.475055172,-0.524498423,-2.236091681,-1.270271111
ALTAMIR,1,3,D,9,1,1,1,25,18,10,Non,H,77,> 75,Non,11,-14.00241089,-0.862918715,-50.61645558,-283.8593715,,2.606717226,5.764897075,-1.047155309,0.630356534,2.562055172,1.260501577,-2.236091681,45.10172889
CRITEO,1,28,A+,95,0,0,0,44,33,24,Non,H,51,46 - 55,Oui,8,17.1757217,3.1972784,1.673741214,-102.9843596,0.445920304,3.771134021,2.791752577,15.52041185,20.52516026,9.729535354,14.26571212,3.596225416,0.661393419
ESSILORLUXOTTICA,1,963,B+,54,6,6,1,77,36,51,Non,H,85,> 75,Non,559,16.22071558,0.963593842,-11.80339883,-396.7875146,-1.866602687,-3.210869565,-4.109782609,12.2423437,15.61653704,4.653794766,12.09984829,-0.686543478,7.295475535
NEXANS,1,443,B+,63,4,0,1,71,45,42,Non,H,63,56 - 65,Non,30,,0.432662651,-22.22560413,-87.37685327,,-2.13408393,-2.101330604,-3.156705701,-14.46397007,-4.936208936,-4.648403374,-0.483567485,-11.58484857
PEUGEOT,1,693,A+,76,4,3,0,109,79,59,Oui,F,52,46 - 55,Non,135,-18.9842783,-1.4207216,-1.297258786,-94.25738713,-1.554079696,-3.228865979,-2.208247423,9.121411854,16.45516026,3.916535354,8.731712121,-0.376774584,-2.328606581
REXEL,1,409,A+,94,9,6,0,62,36,38,Oui,H,64,56 - 65,Oui,582,227.5367217,-1.6407216,-1.225258786,-94.95638713,-1.554079696,-3.228865979,-4.208247423,4.921411854,7.792160265,2.098535354,5.086712121,-2.359774584,-4.049606581
VINCI,1,3887,A+,71,0,0,0,55,40,23,Oui,H,66,66 - 75,Non,95,-14.16028442,1.723593842,-12.20639883,-441.8885146,-1.866602687,-3.210869565,-4.109782609,20.2773437,34.33753704,7.928794766,17.27184829,-2.440543478,5.470475535
ADUX,1,32,D,8,1,1,1,50,17,42,Oui,H,59,56 - 65,Non,1,,-1.9037216,-1.425258786,-101.9513871,4.445920304,-3.228865979,-4.208247423,-125.1895881,-145.4108397,-34.40046465,-149.1982879,-2.359774584,-55.99860658
CARREFOUR,1,645,A+,80,2,1,0,90,50,50,Oui,H,47,46 - 55,Non,7,19.51458911,0.209081285,-50.84245558,-284.7323715,,-3.393282774,-4.235102925,-5.318155309,-14.69864347,-3.275944828,2.561501577,-2.236091681,-7.563271111
LATECOERE,1,24,D,13,5,5,5,60,30,44,Oui,H,77,> 75,Non,1,95.92859217,5.834912202,-1.059098214,-419.9656469,1.304060434,2.809989142,2.878393051,14.12654618,10.78789736,4.244722074,11.32602698,0.612441896,-1.503889401
RENAULT,1,697,B+,54,0,0,0,127,88,65,Oui,H,67,66 - 75,Non,226,-23.17928442,-0.001406158,-12.63739883,-352.8295146,-1.866602687,-2.210869565,-0.109782609,18.7263437,23.30553704,5.620794766,17.23984829,0.692456522,2.665475535
SAFRAN,1,420,A+,81,0,0,0,151,129,36,Non,H,54,46 - 55,Non,201,-14.82698423,0.947393293,-0.685887538,-92.51342759,-0.773921201,-3.194029851,-4.166311301,26.35987368,41.31331974,9.433390977,24.00876012,6.734002946,7.713909605
TECHNICOLOR,1,213,A+,29,0,0,0,73,45,50,Oui,F,54,46 - 55,Non,120,,-0.048918715,-51.03345558,-272.0243715,,-3.393282774,-4.235102925,-7.692155309,-159.1036435,-8.561944828,-9.298498423,0.917908319,-13.36327111
VIVENDI SE,1,1999,B+,80,1,1,1,166,136,45,Non,H,53,46 - 55,Non,3,-28.97313592,-1.041343854,-0.491337209,-99.45868858,-1.897196262,0.820383451,0.856710394,14.44883432,12.36982072,6.117767857,24.67410472,-2.364043219,4.546297636
1000MERCIS,0,8,B+,16,3,3,2,14,12,4,Oui,F,47,46 - 55,Oui,6,-7.240984234,-0.820606707,-0.241887538,-90.68342759,-0.773921201,1.805970149,2.833688699,19.70787368,22.18231974,10.75239098,17.19676012,-2.130997054,10.6349096
A S T GROUPE,0,17,A+,10,3,3,0,18,9,9,Non,H,61,56 - 65,Oui,10,-16.21198423,-1.222606707,-0.983887538,-106.6144276,0.226078799,1.805970149,1.833688699,29.71787368,32.15031974,9.710390977,20.98376012,-2.130997054,1.102909605
ABEO,0,62,D,20,1,1,1,20,14,9,Oui,H,60,56 - 65,Oui,28,-11.77698423,-0.319606707,-0.455887538,-99.21142759,3.226078799,-3.194029851,-4.166311301,20.18887368,25.54431974,9.351390977,18.77076012,-2.130997054,2.608909605
ADL PARTNER,0,18,D,8,2,2,2,25,21,10,Non,H,52,46 - 55,Non,9,-16.98798423,-0.273606707,-0.818887538,-103.3854276,1.226078799,2.805970149,0.833688699,40.98487368,44.84931974,11.96639098,28.97676012,-2.130997054,2.691909605
ADVINI,0,80,B+,10,8,8,6,51,34,26,Non,H,63,56 - 65,Non,7,-15.33498423,-1.846606707,-1.224887538,-83.46342759,-1.773921201,-3.194029851,-2.166311301,14.29087368,16.80531974,4.626390977,15.59276012,-2.130997054,-0.564090395
AEROPORTS DE PARIS,0,174,D,35,0,0,0,117,45,84,Oui,H,59,56 - 65,Non,27,-5.544984234,-0.895606707,-0.653887538,-65.47942759,-1.773921201,-0.194029851,1.833688699,15.54687368,21.02531974,7.757390977,14.65576012,-0.502997054,16.5419096
AKWEL SA,0,51,D,18,0,0,0,30,18,20,Non,H,41,36 - 45,Non,15,-21.15298423,-1.139606707,-0.483887538,-95.29742759,-0.773921201,2.805970149,1.833688699,32.10987368,37.40331974,18.38539098,27.65076012,3.094002946,6.996909605
ALBIOMA,0,89,A+,47,0,0,0,46,25,26,Oui,H,44,36 - 45,Non,29,-14.89198423,-2.103606707,-1.228887538,-94.33742759,-0.773921201,-3.194029851,-1.166311301,14.12387368,17.74531974,5.553390977,13.87076012,-2.130997054,8.765909605
ALSTOM,0,1454,B+,114,2,0,2,77,41,59,Oui,H,51,46 - 55,Non,46,-9.870984234,-1.585606707,-1.175887538,-91.94142759,-1.773921201,-3.194029851,-2.166311301,12.51387368,12.33131974,3.324390977,14.70976012,-0.392997054,-1.566090395
ALTEN,0,182,A+,70,1,1,0,22,18,12,Oui,H,64,56 - 65,Oui,17,-10.95798423,-0.202606707,0.086112462,-86.90042759,-2.773921201,0.805970149,0.833688699,27.48587368,27.39131974,13.55139098,23.11976012,-2.130997054,4.254909605
ARKEMA,0,274,A+,77,0,0,0,61,57,10,Oui,H,57,56 - 65,Non,6,-15.08598423,-1.587606707,-0.826887538,-52.72442759,0.226078799,-3.194029851,-2.166311301,17.40387368,20.74931974,8.588390977,15.87676012,0.803002946,3.491909605
ATOS SE,0,345,A+,83,0,0,0,62,41,44,Oui,H,65,56 - 65,Non,8,-12.97698423,-1.068606707,-0.819887538,-62.75042759,-1.773921201,-3.194029851,-4.166311301,17.44887368,22.07031974,7.474390977,16.39876012,-2.130997054,1.616909605
AUBAY,0,11,A+,42,2,2,0,27,17,19,Non,H,72,66 - 75,Oui,2,-14.45298423,-0.502606707,-0.292887538,-99.17342759,-1.773921201,-2.194029851,-0.166311301,28.27887368,29.89031974,13.09339098,23.57876012,-2.130997054,4.431909605
AUREA,0,31,C+,19,2,1,1,9,8,5,Non,H,75,66 - 75,Oui,8,76.77001577,-2.324606707,-1.146887538,-102.5644276,-0.773921201,1.805970149,2.833688699,8.582873684,6.599319737,1.959390977,10.08776012,-2.130997054,-4.508090395
AURES TECHNOLOGIES,0,9,B+,25,1,1,1,39,35,7,Non,H,64,56 - 65,Oui,9,-14.09498423,0.446393293,0.041112462,-103.5724276,0.226078799,2.805970149,-0.166311301,52.10587368,46.67431974,19.81339098,40.32076012,-2.130997054,6.480909605
AXWAY SOFTWARE,0,180,B+,41,26,19,21,32,22,13,Non,H,85,> 75,Non,34,-11.24298423,-1.527606707,-0.451887538,-91.01042759,-1.773921201,-1.194029851,-0.166311301,15.85987368,15.50731974,8.029390977,16.27076012,14.74700295,6.424909605
BASTIDE LE CONFORT MEDICAL,0,64,D,29,3,3,2,30,19,20,Non,H,81,> 75,Non,5,-8.793984234,-0.863606707,-0.856887538,-100.7734276,-1.773921201,-2.194029851,-1.166311301,21.52287368,25.93831974,7.944390977,18.11876012,-2.130997054,1.316909605
BEL,0,84,D,7,12,1,7,48,15,35,Non,H,56,56 - 65,Non,21,-12.05698423,-1.253606707,-0.755887538,136.9965724,-1.773921201,-3.194029851,-3.166311301,18.76187368,24.13331974,9.410390977,16.95976012,-1.504997054,5.502909605
BENETEAU,0,44,D,33,0,0,0,35,19,27,Oui,H,61,56 - 65,Non,2,10.86301577,-1.790606707,-0.761887538,-102.4114276,0.226078799,3.805970149,1.833688699,12.88287368,12.07331974,5.175390977,13.05076012,-2.130997054,-1.806090395
BIOMERIEUX SA,0,110,D,36,2,2,1,37,25,26,Oui,H,71,66 - 75,Non,12,-1.329984234,0.209393293,0.243112462,-95.14142759,-1.773921201,-0.194029851,-1.166311301,19.55087368,22.09631974,10.27339098,17.32176012,10.50700295,7.318909605
BOIRON,0,35,D,27,2,2,1,40,24,25,Non,H,59,56 - 65,Oui,20,-8.554984234,0.241393293,0.562112462,-84.68642759,-0.773921201,2.805970149,1.833688699,29.17887368,33.13431974,18.52339098,22.26776012,-1.710997054,15.7719096
BOLLORE SE,0,1999,D,34,1,1,1,49,35,29,Non,H,35,25 - 35,Non,21,-4.325984234,-2.295606707,-1.170887538,-105.3084276,-1.773921201,0.805970149,-0.166311301,15.62387368,14.00231974,5.329390977,14.54076012,-0.308997054,3.247909605
BONDUELLE,0,76,B+,17,0,0,0,56,42,25,Non,H,60,56 - 65,Non,14,-13.46598423,-2.022606707,-1.185887538,-91.08142759,-1.773921201,-1.194029851,-1.166311301,17.86787368,19.16931974,6.198390977,17.02376012,-2.130997054,-1.008090395
BOURRELIER GROUP,0,40,D,7,6,6,1,22,6,18,Oui,H,74,66 - 75,Non,46,-7.509984234,-2.525606707,-1.238887538,-56.98642759,-0.773921201,-0.194029851,-0.166311301,12.74587368,12.14631974,4.792390977,12.05876012,-2.130997054,-2.115090395
BOUYGUES,0,1454,B+,60,2,2,2,59,38,43,Oui,H,68,66 - 75,Oui,36,-12.77898423,-1.988606707,-1.265887538,-81.71742759,-1.773921201,-3.194029851,-2.166311301,13.39487368,14.24231974,3.913390977,14.50676012,-1.953997054,-2.425090395
BURELLE,0,185,C+,21,1,1,1,15,12,10,Non,H,70,66 - 75,Non,75,-19.59498423,-2.176606707,-1.271887538,781.1655724,-1.773921201,-3.194029851,-2.166311301,22.51187368,31.32631974,9.584390977,16.53976012,-1.090997054,2.361909605
CAPELLI,0,183,D,7,2,2,2,14,9,7,Non,H,47,46 - 55,Non,27,-15.10498423,-1.954606707,-1.362887538,-89.55142759,-1.773921201,-0.194029851,-1.166311301,18.81987368,23.72931974,5.028390977,16.17376012,-2.130997054,1.224909605
CAPGEMINI,0,398,A+,115,0,0,0,72,49,52,Oui,H,68,66 - 75,Non,130,-13.13498423,-1.355606707,-0.769887538,-66.37842759,-2.773921201,-3.194029851,-4.166311301,16.65587368,19.86431974,7.803390977,17.30776012,-2.130997054,3.255909605
CATERING INTERNATIONAL & SERVICES,0,38,D,19,4,4,2,36,22,17,Non,H,82,> 75,Oui,9,22.38501577,-1.192606707,-0.645887538,-100.6004276,4.226078799,1.805970149,1.833688699,22.62687368,21.30031974,8.821390977,13.40776012,-2.130997054,-0.702090395
CEGEREAL SA,0,6,C+,15,14,14,14,27,13,19,Non,H,60,56 - 65,Non,9,-16.17098423,-2.378606707,-1.182887538,-65.23942759,-1.773921201,-0.194029851,1.833688699,12.43187368,13.32531974,5.234390977,13.66376012,-2.130997054,64.0129096
CHARGEURS,0,85,B+,41,0,0,0,31,20,16,Oui,H,38,36 - 45,Non,34,-16.95998423,-1.630606707,-0.984887538,-98.94342759,4.226078799,-0.194029851,-1.166311301,16.76387368,19.26431974,6.772390977,16.77676012,-1.399997054,1.175909605
CHRISTIAN DIOR,0,1559,D,8,2,2,1,17,12,11,Oui,H,71,66 - 75,Non,254,0.768015766,-2.047606707,-1.049887538,57.82257241,-1.773921201,-3.194029851,-3.166311301,22.72487368,31.77831974,13.63539098,13.05776012,-1.846997054,13.2369096
CIE INDUSTRIELLE FINANCIERE ENTREPRISE,0,59,D,6,8,8,2,22,18,10,Non,H,60,56 - 65,Non,8,-13.30098423,-2.390606707,-1.164887538,-25.46042759,0.226078799,3.805970149,5.833688699,13.77087368,13.38131974,5.465390977,13.13676012,-2.130997054,0.023909605
CLASQUIN,0,37,D,13,1,1,1,37,35,16,Non,H,72,66 - 75,Oui,15,3.150015766,-0.488606707,-1.051887538,-98.53342759,-1.773921201,-3.194029851,-2.166311301,17.39487368,23.52131974,5.212390977,14.28776012,-1.650997054,-2.974090395
CNIM GROUPE,0,90,D,13,9,9,1,45,30,31,Non,H,46,46 - 55,Non,23,-21.88298423,-1.378606707,-1.113887538,-47.49042759,0.226078799,1.805970149,-2.166311301,28.87587368,36.94631974,9.825390977,27.39876012,1.569002946,4.232909605
COFIDUR SA,0,2,D,6,4,4,4,13,10,5,Non,H,71,66 - 75,Non,2,-20.09498423,-2.547606707,-1.306887538,449.0275724,-2.773921201,2.805970149,0.833688699,16.38787368,17.76631974,6.702390977,15.24376012,-2.130997054,-1.870090395
COMPAGNIE DE SAINT-GOBAIN,0,1186,A+,82,1,1,0,81,42,58,Non,H,62,56 - 65,Non,720,-11.77098423,-1.959606707,-1.043887538,-74.36442759,-1.773921201,-3.194029851,-2.166311301,15.71687368,15.34731974,5.755390977,15.55876012,-1.004997054,-0.205090395
COMPAGNIE DU MONT BLANC,0,87,B+,7,3,3,0,26,17,13,Oui,H,48,46 - 55,Non,7,-16.39298423,-2.096606707,-1.152887538,5.415572413,-2.773921201,-2.194029851,-0.166311301,16.34887368,22.70731974,8.261390977,13.63676012,-2.130997054,13.5299096
COMPAGNIE GENERALE DES ETABLISSEMENTS MICHELIN,0,638,A+,81,0,0,0,50,39,22,Non,H,58,56 - 65,Non,286,-17.90998423,-1.455606707,-0.852887538,-49.71742759,-1.773921201,0.805970149,0.833688699,22.25187368,29.25531974,11.44639098,19.38476012,1.253002946,6.885909605
COMPAGNIE LEBON,0,54,D,9,1,1,1,71,57,20,Non,H,53,46 - 55,Non,12,-19.67198423,-2.501606707,-1.079887538,101.9605724,-1.773921201,1.805970149,1.833688699,15.26087368,15.59731974,8.423390977,15.44276012,-2.130997054,17.5609096
COMPAGNIE PLASTIC OMNIUM SE,0,185,D,39,1,1,1,40,27,22,Oui,H,81,> 75,Non,75,-14.23198423,-0.168606707,-0.697887538,-98.97842759,-2.773921201,-3.194029851,-3.166311301,23.43387368,33.01631974,9.653390977,21.51076012,0.356002946,2.176909605
COURTOIS SA,0,13,D,5,4,4,2,14,8,10,Non,F,35,25 - 35,Non,11,-17.96098423,-2.834606707,-1.262887538,136.9275724,-1.773921201,3.805970149,5.833688699,9.532873684,8.520319737,3.733390977,12.28276012,-2.130997054,3.122909605
COVIVIO HOTELS,0,548,B+,16,7,0,1,47,30,20,Non,H,54,46 - 55,Non,7,-17.34898423,-2.304606707,-1.065887538,-81.13142759,-1.773921201,2.805970149,3.833688699,13.93387368,13.46431974,5.935390977,16.31476012,-2.130997054,76.3289096
DASSAULT AVIATION,0,22,D,26,3,3,1,43,29,19,Oui,H,82,> 75,Non,128,-6.116984234,-0.603606707,-0.964887538,293.2255724,-1.773921201,2.805970149,-1.166311301,17.94687368,19.82731974,5.040390977,17.52476012,5.781002946,7.571909605
DASSAULT SYSTEMES,0,167,D,61,3,3,1,66,31,47,Non,H,63,56 - 65,Non,94,13.44501577,1.566393293,1.085112462,-93.79042759,-2.773921201,-2.194029851,-0.166311301,19.81987368,23.14731974,11.24239098,17.20876012,15.55800295,16.9209096
DELTA PLUS GROUP,0,76,D,20,4,4,2,21,15,9,Non,H,37,36 - 45,Non,33,-17.91698423,-1.331606707,-0.566887538,-94.30642759,1.226078799,-0.194029851,-1.166311301,24.45587368,26.62031974,12.85339098,22.19676012,-2.130997054,6.492909605
DEVOTEAM,0,109,A+,56,4,4,0,38,28,15,Non,F,51,46 - 55,Non,7,-9.742984234,-0.018606707,-0.432887538,-91.01242759,3.226078799,-0.194029851,-0.166311301,26.23687368,29.38031974,10.17139098,20.04276012,-2.130997054,2.347909605
DLSI,0,9,B+,7,2,2,2,18,15,8,Non,H,74,66 - 75,Oui,5,-21.88798423,-1.798606707,-1.021887538,-94.65442759,-0.773921201,2.805970149,-1.166311301,33.65087368,31.69731974,12.03839098,27.34676012,-2.130997054,-0.085090395
ELECTRICITE DE STRASBOURG,0,1378,D,8,0,0,0,56,29,47,Oui,H,51,46 - 55,Non,26,-18.46398423,-0.985606707,-1.149887538,-62.49142759,-2.773921201,-3.194029851,-2.166311301,16.18087368,40.06431974,8.560390977,14.45576012,-2.130997054,7.617909605
ELIOR GROUP,0,256,A+,73,1,1,0,55,27,35,Non,H,66,66 - 75,Non,54,-3.890984234,-0.984606707,-0.916887538,-99.81942759,2.226078799,-3.194029851,-4.166311301,15.20287368,20.12731974,5.981390977,14.23476012,-2.130997054,-1.025090395
EO2,0,7,B+,8,2,2,1,20,6,16,Non,H,51,46 - 55,Oui,4,-17.57798423,-2.688606707,-1.325887538,-103.7914276,5.226078799,1.805970149,1.833688699,8.393873684,5.227319737,1.271390977,13.39676012,-2.130997054,-5.195090395
EURAZEO,0,1273,A+,59,3,3,0,67,55,34,Oui,H,51,46 - 55,Non,80,-20.62498423,-2.503606707,-1.231887538,-40.71042759,-2.773921201,-1.194029851,-3.166311301,16.58087368,19.11231974,8.273390977,16.07976012,-2.130997054,17.6939096
EUROGERM,0,20,D,7,3,3,1,28,17,15,Non,H,60,56 - 65,Oui,13,-9.259984234,-0.583606707,0.024112462,-99.15942759,-1.773921201,2.805970149,1.833688699,23.11487368,24.95731974,13.25839098,18.54176012,-1.565997054,3.621909605
EUROMEDIS GROUPE,0,5,D,12,4,4,3,15,9,10,Non,H,42,36 - 45,Oui,4,-8.438984234,-2.627606707,-1.291887538,-99.20842759,-0.773921201,1.805970149,-0.166311301,11.48187368,9.994319737,3.687390977,12.44776012,-2.130997054,-3.214090395
EUTELSAT COMMUNICATIONS,0,84,A+,100,0,0,0,39,24,22,Oui,H,61,56 - 65,Non,12,-12.37698423,-1.794606707,-1.158887538,-97.09142759,2.226078799,-3.194029851,-0.166311301,16.51087368,26.67831974,8.048390977,15.01276012,-1.260997054,32.0609096
EXACOMPTA CLAIREFONTAINE,0,57,D,4,1,1,1,28,22,9,Non,H,85,> 75,Non,15,-19.74798423,-2.898606707,-1.400887538,233.5565724,-0.773921201,2.805970149,2.833688699,11.10687368,9.653319737,3.817390977,12.42476012,-2.130997054,-2.455090395
EXEL INDUSTRIES,0,116,D,14,2,2,2,27,25,7,Non,H,77,> 75,Non,27,-15.02098423,-1.681606707,-0.934887538,-64.78142759,-1.773921201,-0.194029851,-0.166311301,18.33587368,21.98531974,8.522390977,16.26176012,-2.130997054,1.452909605
FAURECIA,0,693,D,56,4,1,0,65,56,28,Oui,H,69,66 - 75,Non,10,-20.87898423,-1.632606707,-1.122887538,-85.96842759,-1.773921201,-3.194029851,-3.166311301,24.17987368,28.34631974,8.373390977,24.23776012,-1.891997054,-0.990090395
FIDUCIAL REAL ESTATE,0,110,D,3,1,1,1,9,5,5,Non,H,74,66 - 75,Non,13,-15.30698423,-2.272606707,-1.168887538,12.62257241,-1.773921201,2.805970149,1.833688699,13.77287368,14.31131974,5.395390977,15.05576012,-2.130997054,28.2979096
FINANCIERE DE L'ODET SE,0,1999,D,9,1,1,1,37,31,17,Oui,H,68,66 - 75,Oui,26,-6.033984234,-2.668606707,-1.375887538,1142.269572,-1.773921201,-1.194029851,-1.166311301,16.68587368,15.87531974,5.596390977,13.78476012,-2.130997054,3.117909605
FINATIS,0,1590,D,4,1,1,1,33,28,7,Oui,H,58,56 - 65,Non,9,-27.36498423,-3.220606707,-1.598887538,2088.138572,-2.773921201,-3.194029851,-4.166311301,18.59587368,23.25731974,6.572390977,13.98876012,-2.130997054,0.091909605
FLEURY MICHON,0,23,B+,20,2,2,1,41,21,29,Non,H,55,46 - 55,Non,2,-12.31598423,-1.969606707,-1.145887538,-58.31042759,-1.773921201,-1.194029851,-0.166311301,13.80187368,15.52531974,5.104390977,14.00176012,-2.130997054,-1.899090395
FONCIERE ATLAND,0,54,C+,13,6,3,1,22,19,10,Non,H,56,56 - 65,Oui,23,-22.66198423,-2.191606707,-1.159887538,-26.23642759,0.226078799,1.805970149,0.833688699,21.41087368,27.53131974,10.77939098,21.62476012,-2.130997054,54.8679096
FONCIERE INEA,0,4,A+,30,3,3,0,48,17,36,Non,H,61,56 - 65,Non,14,-6.130984234,-2.355606707,-1.141887538,-66.04642759,-1.773921201,2.805970149,2.833688699,10.82887368,10.18631974,3.841390977,12.11676012,-2.130997054,27.7619096
GAUMONT,0,28,D,10,1,1,1,24,18,11,Oui,H,81,> 75,Non,6,-16.58798423,-2.397606707,-1.211887538,-43.36042759,-0.773921201,-2.194029851,0.833688699,12.61587368,12.48631974,4.675390977,14.14076012,-2.130997054,3.290909605
GERARD PERRIER INDUSTRIE,0,14,D,16,0,0,0,17,11,10,Non,F,53,46 - 55,Non,1,-14.44898423,-0.895606707,-0.423887538,-91.76342759,-0.773921201,2.805970149,1.833688699,25.81987368,28.56531974,13.00839098,21.80976012,-2.130997054,4.955909605
GETLINK S E,0,158,B+,44,15,1,0,36,30,18,Oui,H,67,66 - 75,Non,18,-1.049984234,-0.500606707,-0.920887538,-105.5464276,-0.773921201,-3.194029851,-0.166311301,13.38387368,18.99931974,4.932390977,14.21276012,-2.130997054,13.5019096
GEVELOT SA,0,31,B+,10,2,2,2,14,11,5,Non,H,39,36 - 45,Non,14,-20.02198423,-2.593606707,-1.236887538,114.2925724,-1.773921201,3.805970149,2.833688699,14.16487368,13.63631974,5.979390977,15.30176012,-0.215997054,2.311909605
GL EVENTS,0,170,D,32,4,1,1,45,36,16,Oui,H,62,56 - 65,Oui,29,-15.99498423,-2.348606707,-1.358887538,-89.83742759,-1.773921201,-3.194029851,-4.166311301,16.45587368,19.58431974,5.415390977,14.69976012,-2.130997054,1.544909605
GROUPE CRIT,0,90,D,19,1,1,1,16,13,5,Non,H,82,> 75,Oui,53,-19.50998423,-1.487606707,-0.887887538,-70.11842759,-2.773921201,1.805970149,-0.166311301,27.25887368,31.27331974,11.98639098,22.45776012,-2.130997054,0.376909605
GROUPE GUILLIN,0,30,B+,17,0,0,0,9,6,4,Non,H,73,66 - 75,Non,26,-18.06198423,-1.194606707,-0.430887538,-92.87842759,-0.773921201,2.805970149,1.833688699,27.38987368,30.07131974,15.44339098,23.30176012,-2.130997054,7.548909605
GROUPE SFPI,0,101,D,27,3,3,2,29,16,20,Oui,H,63,56 - 65,Oui,35,-11.04898423,-1.821606707,-0.957887538,-106.5904276,1.226078799,0.805970149,1.833688699,18.27487368,21.15531974,8.561390977,14.89476012,-2.130997054,1.630909605
GUERBET,0,74,D,22,1,1,1,46,27,27,Oui,F,65,56 - 65,Non,8,-0.911984234,-0.416606707,-0.738887538,-83.65842759,-1.773921201,-2.194029851,-1.166311301,14.95487368,21.05931974,6.292390977,13.67576012,4.703002946,1.297909605
HERIGE,0,33,A+,13,10,10,0,34,21,24,Oui,F,59,56 - 65,Non,6,5.685015766,-2.555606707,-1.377887538,-71.26042759,-0.773921201,-2.194029851,-2.166311301,9.927873684,8.415319737,2.476390977,10.83576012,-2.130997054,-4.279090395
HERMES INTERNATIONAL,0,118,D,31,2,2,2,44,33,19,Non,H,54,46 - 55,Non,8,4.826015766,6.146393293,5.258112462,-67.30542759,-2.773921201,3.805970149,4.833688699,43.43087368,43.71331974,29.20139098,33.08276012,-2.130997054,26.7659096
HEXAOM,0,88,D,28,1,1,1,27,22,14,Non,H,71,66 - 75,Oui,33,-8.179984234,-1.028606707,-0.711887538,-87.40242759,-1.773921201,2.805970149,0.833688699,22.15787368,22.55531974,8.341390977,17.94776012,-2.130997054,-0.777090395
HIGH CO,0,3741,B+,13,1,1,0,30,20,26,Non,F,48,46 - 55,Non,4,83.91501577,-1.279606707,-0.883887538,-105.5664276,0.226078799,-3.194029851,-4.166311301,14.40887368,14.02831974,4.621390977,10.03076012,-2.130997054,-1.085090395
HIOLLE INDUSTRIES,0,15,D,6,3,3,2,19,10,16,Non,H,53,46 - 55,Non,8,-14.33798423,-2.108606707,-1.018887538,-105.7564276,-0.773921201,2.805970149,0.833688699,19.11687368,20.38931974,9.088390977,15.59176012,-2.130997054,0.831909605
HOPSCOTCH GROUPE,0,38,A+,14,4,4,0,39,29,20,Non,H,53,46 - 55,Non,1,-6.908984234,-1.815606707,-1.356887538,-103.3914276,3.226078799,-3.194029851,-4.166311301,18.91087368,20.41731974,4.197390977,14.46276012,-2.130997054,-3.375090395
ICADE,0,294,B+,58,0,0,0,77,35,54,Oui,H,63,56 - 65,Non,69,55.46101577,-2.018606707,-1.103887538,-53.51142759,-1.773921201,2.805970149,1.833688699,10.70187368,8.834319737,2.828390977,11.36076012,-2.130997054,2.617909605
IGE+XAO,0,1124,D,20,0,0,0,22,15,12,Non,H,58,56 - 65,Oui,26,-10.44198423,-0.468606707,0.391112462,-83.25242759,-1.773921201,2.805970149,3.833688699,27.21187368,27.24931974,16.92139098,22.77876012,21.69600295,21.5589096
ILIAD,0,49,C+,53,1,1,1,25,20,16,Oui,H,53,46 - 55,Oui,26,1.887015766,0.336393293,-0.298887538,-57.82242759,-2.773921201,-3.194029851,-4.166311301,19.85487368,27.68231974,9.582390977,16.96676012,-2.130997054,8.933909605
IMERYS,0,674,D,43,7,7,7,65,34,47,Non,H,66,66 - 75,Non,23,-11.14398423,-1.275606707,-0.752887538,-72.21542759,-1.773921201,-3.194029851,-2.166311301,16.98487368,21.10231974,8.205390977,15.55176012,-2.130997054,5.748909605
IMPRIMERIE CHIRAT,0,5,D,3,1,1,1,9,6,7,Non,H,63,56 - 65,Oui,8,-21.81998423,-2.088606707,-1.257887538,-102.3494276,0.226078799,-0.194029851,1.833688699,17.53787368,29.14331974,8.628390977,16.64976012,-2.130997054,1.315909605
INGENICO GROUP,0,162,A+,88,0,0,0,55,49,21,Non,H,76,> 75,Non,23,-4.709984234,-0.516606707,-0.479887538,-81.01542759,-1.773921201,-3.194029851,-4.166311301,20.06387368,26.49731974,10.12939098,17.80476012,5.571002946,10.3069096
INSTALLUX SA,0,8,D,10,4,4,1,22,15,12,Non,H,72,66 - 75,Non,8,-18.19198423,-1.938606707,-0.559887538,170.8955724,-1.773921201,3.805970149,5.833688699,23.41287368,22.54531974,14.87739098,19.66776012,-2.130997054,7.261909605
INTERPARFUMS,0,19,D,18,2,0,0,30,21,14,Oui,H,61,56 - 65,Non,256,-3.074984234,-0.837606707,0.088112462,-100.2834276,-1.773921201,2.805970149,1.833688699,18.54887368,18.56031974,10.47439098,15.99176012,-2.130997054,8.840909605
IPSEN,0,69,B+,42,2,2,2,51,36,24,Non,H,62,56 - 65,Non,3,-6.640984234,0.970393293,0.764112462,-92.53842759,-0.773921201,0.805970149,-0.166311301,23.66587368,27.98631974,14.01139098,21.09476012,11.65300295,13.0309096
IPSOS,0,234,A+,94,1,1,0,65,40,33,Oui,H,53,46 - 55,Non,43,-18.01998423,-1.831606707,-1.026887538,-87.69942759,-2.773921201,-3.194029851,-4.166311301,17.71787368,22.51531974,8.434390977,16.28076012,-2.130997054,3.826909605
JACQUES BOGART SA,0,42,D,10,2,2,2,13,11,3,Non,H,50,46 - 55,Oui,19,-5.536984234,-0.434606707,-0.377887538,-104.1094276,-0.773921201,-1.194029851,-1.166311301,17.67287368,18.48031974,7.120390977,18.38276012,-2.130997054,3.662909605
JACQUET METAL SERVICE,0,119,D,28,1,1,1,31,22,13,Non,H,53,46 - 55,Non,1,-4.825984234,-1.638606707,-1.091887538,-96.50042759,-1.773921201,-1.194029851,-0.166311301,15.30687368,16.60431974,5.067390977,13.73876012,-2.130997054,-2.785090395
JCDECAUX SA,0,492,D,59,3,3,3,56,36,29,Non,H,61,56 - 65,Oui,10,2.337015766,-0.804606707,-0.549887538,-97.38842759,1.226078799,-2.194029851,-0.166311301,13.32787368,15.70331974,5.866390977,14.42576012,-1.778997054,3.100909605
KAUFMAN & BROAD SA,0,237,A+,67,8,8,0,43,24,30,Oui,H,59,56 - 65,Non,5,-11.49498423,1.645393293,-1.009887538,-101.8444276,-2.773921201,-3.194029851,-4.166311301,32.38087368,71.18131974,9.632390977,20.86376012,-0.372997054,2.933909605
KERING,0,527,D,51,5,5,5,62,42,34,Oui,H,58,56 - 65,Non,14,-0.526984234,-0.992606707,-0.488887538,-14.09842759,-1.773921201,-3.194029851,-4.166311301,14.47987368,15.96031974,6.597390977,13.88376012,-2.130997054,4.780909605
KORIAN,0,616,B+,62,0,0,0,59,30,37,Oui,H,72,66 - 75,Non,2,-10.57198423,-2.147606707,-1.260887538,-83.43542759,-0.773921201,-3.194029851,-4.166311301,11.84987368,11.88231974,3.525390977,13.40676012,-2.130997054,-0.798090395
L'AIR LIQUIDE SOCIETE ANONYME POUR L'ETUDE ET L'EXPLOITATION DES PROCEDES GEORGES CLAUDE,0,1076,A+,47,1,1,1,50,35,26,Non,H,62,56 - 65,Non,737,-7.253984234,-0.844606707,-0.673887538,-72.44642759,-2.773921201,-3.194029851,-3.166311301,15.50087368,21.69131974,7.763390977,14.61276012,-1.057997054,9.439909605
L'OREAL,0,342,B+,55,1,1,1,70,52,27,Oui,H,64,56 - 65,Non,281,1.190015766,0.732393293,1.129112462,-65.22742759,-1.773921201,3.805970149,0.833688699,23.84087368,23.75031974,13.84739098,20.53776012,1.151002946,12.0019096
LANSON-BCC,0,42,A+,11,4,4,0,26,20,10,Non,H,67,66 - 75,Non,17,-7.716984234,-2.335606707,-1.352887538,-71.63142759,-0.773921201,-3.194029851,-2.166311301,10.61887368,12.30831974,3.437390977,11.16176012,-2.130997054,1.557909605
LAURENT-PERRIER,0,24,D,18,2,2,2,38,28,18,Non,H,55,46 - 55,Non,1,-9.454984234,-2.193606707,-1.126887538,-43.03642759,-1.773921201,-0.194029851,0.833688699,12.89087368,15.01231974,5.769390977,12.61376012,-2.130997054,10.2849096
LE BELIER,0,21,D,18,8,4,0,31,17,17,Non,H,73,66 - 75,Oui,7,-16.21598423,-1.171606707,-0.800887538,-89.41042759,1.226078799,0.805970149,-0.166311301,20.68787368,27.42331974,9.983390977,18.48176012,-1.906997054,3.973909605
LECTRA,0,40,U,48,2,2,0,45,39,12,Oui,H,66,66 - 75,Oui,8,-10.76398423,1.003393293,0.540112462,-104.5974276,-2.773921201,1.805970149,1.833688699,33.40487368,33.65431974,15.62939098,27.74176012,3.399002946,9.308909605
LEGRAND,0,236,A+,70,0,0,0,51,32,29,Non,H,61,56 - 65,Non,128,-7.320984234,0.303393293,0.173112462,-93.62942759,-1.773921201,-3.194029851,-4.166311301,21.81387368,27.01531974,12.19539098,19.72976012,2.065002946,12.2099096
LES DOCKS DES PETROLES D AMBES,0,1840,D,6,5,5,5,32,15,22,Non,H,49,46 - 55,Non,2,-19.75498423,-2.472606707,-0.991887538,389.4725724,-2.773921201,2.805970149,5.833688699,17.20287368,18.07731974,11.22739098,15.19776012,-2.130997054,31.5699096
LINEDATA SERVICES,0,21,D,21,1,1,1,21,13,15,Non,H,68,66 - 75,Oui,19,-15.96398423,-0.256606707,-0.297887538,-93.18342759,-0.773921201,-3.194029851,-4.166311301,28.38887368,37.37131974,15.39639098,23.04776012,8.226002946,16.7849096
LISI,0,52,D,35,10,0,4,41,37,7,Non,H,66,66 - 75,Non,15,-15.09798423,-1.329606707,-0.614887538,-92.82442759,-1.773921201,0.805970149,-0.166311301,20.80287368,24.69931974,11.33139098,17.74676012,-0.482997054,5.351909605
LNA SANTE,0,111,B+,33,2,2,2,30,21,11,Non,H,69,66 - 75,Non,12,-14.59898423,-1.147606707,-1.091887538,-91.97442759,1.226078799,-3.194029851,-4.166311301,15.92687368,22.37631974,5.699390977,16.00476012,-2.130997054,0.820909605
MANITOU BF,0,56,A+,35,2,2,0,39,32,15,Non,F,44,36 - 45,Non,2,-12.95598423,-1.798606707,-0.879887538,-95.89642759,-1.773921201,2.805970149,1.833688699,19.20787368,18.60831974,7.990390977,17.10576012,-0.754997054,0.072909605
MANUTAN INTERNATIONAL,0,40,C+,25,2,2,2,28,18,14,Non,H,74,66 - 75,Oui,6,-16.80598423,-2.159606707,-0.916887538,-59.10142759,-1.773921201,2.805970149,1.833688699,18.01587368,18.72931974,9.729390977,16.28776012,-2.130997054,2.255909605
MERCIALYS,0,21,B+,55,1,1,0,55,32,32,Oui,H,60,56 - 65,Non,2,-11.33998423,-1.347606707,-0.919887538,-98.69142759,-0.773921201,1.805970149,0.833688699,16.38987368,19.03831974,6.388390977,17.20276012,-2.130997054,35.7839096
MILLET INNOVATION,0,2,D,3,2,2,2,22,20,11,Non,F,48,46 - 55,Non,3,-13.65898423,0.034393293,0.539112462,-101.7804276,-0.773921201,2.805970149,1.833688699,32.34887368,36.80531974,21.79839098,27.70476012,-2.130997054,13.0839096
NEOPOST SA,0,179,A+,98,7,7,0,55,47,20,Non,H,61,56 - 65,Non,5,-20.77698423,-2.315606707,-1.238887538,-75.88642759,0.226078799,-3.194029851,-4.166311301,15.72187368,19.42931974,6.971390977,15.47776012,2.357002946,8.363909605
NETGEM,0,6,A+,16,1,1,0,27,19,17,Non,H,61,56 - 65,Oui,4,-14.29998423,-1.844606707,-0.758887538,-107.5254276,-0.773921201,1.805970149,2.833688699,23.40487368,24.03231974,12.55939098,19.12676012,5.743002946,7.694909605
NEURONES,0,50,D,28,1,1,1,12,9,7,Non,H,65,56 - 65,Non,5,-8.105984234,-0.970606707,-0.198887538,-99.00442759,-0.773921201,2.805970149,2.833688699,26.15787368,24.95831974,13.37039098,19.24476012,-2.130997054,5.158909605
NEXITY,0,965,A+,52,0,0,0,67,29,53,Non,H,69,66 - 75,Oui,13,-10.58398423,-1.714606707,-1.140887538,-79.75542759,0.226078799,-2.194029851,-2.166311301,18.61887368,20.87531974,6.200390977,15.91876012,-2.130997054,3.167909605
NSC GROUPE,0,20,D,4,6,6,0,23,17,7,Non,H,63,56 - 65,Non,11,85.64701577,-2.567606707,-1.241887538,5.169572413,-1.773921201,1.805970149,0.833688699,9.046873684,7.260319737,2.333390977,9.90776012,-2.779997054,-3.972090395
OENEO,0,31,D,40,7,7,1,30,24,14,Oui,H,71,66 - 75,Non,37,-8.978984234,-0.740606707,-0.324887538,-105.4094276,1.226078799,0.805970149,0.833688699,19.10987368,23.43331974,10.57239098,17.10276012,-2.130997054,10.2829096
ORANGE,0,599,A+,83,0,0,0,99,32,85,Oui,H,59,56 - 65,Non,81,-14.07198423,-2.108606707,-1.202887538,-96.11742759,-1.773921201,-3.194029851,-4.166311301,12.82487368,11.48731974,3.623390977,15.55476012,-2.130997054,-0.342090395
PARIS REALTY FUND,0,1225,D,11,6,6,1,29,13,19,Non,H,45,36 - 45,Non,132,-21.31198423,-2.467606707,-1.174887538,-30.89042759,-1.773921201,2.805970149,2.833688699,15.71087368,16.17431974,7.287390977,17.60676012,-2.130997054,30.3359096
PHARMAGEST INTERACTIVE,0,32,D,31,0,0,0,37,30,16,Non,H,61,56 - 65,Non,15,-6.612984234,1.872393293,1.914112462,-102.0094276,-1.773921201,1.805970149,1.833688699,36.48087368,37.48831974,23.29739098,27.09076012,-2.130997054,20.5739096
PISCINES DESJOYAUX SA,0,26,D,10,2,2,2,13,6,9,Non,H,67,66 - 75,Oui,23,-13.74598423,-1.860606707,-0.778887538,-102.1894276,-0.773921201,2.805970149,4.833688699,16.95287368,17.72031974,8.650390977,15.48576012,-1.611997054,3.562909605
PLASTIQUES DU VAL DE LOIRE,0,39,B+,23,1,1,1,22,20,6,Non,H,72,66 - 75,Non,32,-21.25698423,-1.865606707,-1.041887538,-99.11942759,2.226078799,1.805970149,0.833688699,22.68087368,26.85531974,10.18439098,21.00176012,-2.130997054,2.941909605
POUJOULAT,0,27,C+,10,4,4,2,30,21,21,Non,H,46,46 - 55,Non,13,92.67801577,-2.306606707,-1.188887538,-67.22642759,-0.773921201,0.805970149,0.833688699,8.975873684,7.212319737,2.204390977,10.03576012,-2.130997054,-4.292090395
PSB INDUSTRIES,0,35,B+,25,4,4,2,33,23,12,Non,H,48,46 - 55,Oui,19,-15.79498423,-1.875606707,-1.078887538,-71.91742759,1.226078799,-1.194029851,-1.166311301,17.11287368,21.36231974,7.580390977,16.02976012,-1.131997054,0.716909605
RALLYE,0,1590,D,24,1,1,1,28,23,16,Oui,H,71,66 - 75,Non,11,-27.18698423,-3.172606707,-1.583887538,149.8475724,-1.773921201,-3.194029851,-4.166311301,18.59487368,22.98831974,6.598390977,16.23976012,-2.130997054,0.096909605
REALITES,0,49,D,7,2,1,1,16,11,9,Non,H,45,36 - 45,Non,10,-20.98798423,-2.699606707,-1.460887538,-92.34242759,3.226078799,-0.194029851,-0.166311301,13.65087368,15.09331974,4.091390977,13.79376012,-2.130997054,-0.241090395
REMY COINTREAU,0,50,C+,56,5,5,1,61,48,30,Non,H,68,66 - 75,Non,13,-7.771984234,0.186393293,0.227112462,-82.08342759,-0.773921201,0.805970149,-0.166311301,19.30487368,20.63531974,9.473390977,20.65476012,-2.130997054,11.7219096
ROBERTET SA,0,39,D,29,5,5,4,34,29,16,Non,H,68,66 - 75,Non,17,-13.19398423,-1.072606707,-0.262887538,52.39157241,-1.773921201,2.805970149,3.833688699,22.07687368,23.69331974,12.58939098,18.72376012,-2.130997054,8.246909605
RUBIS,0,132,A+,65,0,0,0,36,29,18,Oui,H,68,66 - 75,Non,6,-12.14198423,-1.451606707,-0.646887538,-86.98942759,-2.773921201,0.805970149,0.833688699,17.35287368,20.79431974,9.568390977,15.92576012,-2.130997054,4.950909605
SA ESKER,0,16,A+,44,1,1,0,23,20,13,Non,H,52,46 - 55,Oui,3,3.116015766,3.781393293,1.830112462,-102.4634276,-0.773921201,-1.194029851,-0.166311301,28.94087368,32.71331974,14.72339098,23.60776012,12.45200295,8.940909605
SA TIPIAK,0,9,B,6,2,2,2,21,12,11,Non,H,72,66 - 75,Oui,3,-14.35798423,-1.799606707,-1.154887538,-53.62542759,0.226078799,-1.194029851,-1.166311301,15.59987368,20.75831974,6.278390977,14.47376012,-2.130997054,-0.992090395
SAINT JEAN GROUPE,0,9,A+,12,3,3,0,14,10,11,Non,H,76,> 75,Non,5,8.120015766,-2.298606707,-1.002887538,-90.22042759,-0.773921201,2.805970149,2.833688699,9.507873684,8.738319737,3.390390977,10.56276012,-2.130997054,-2.190090395
SAMSE,0,79,D,10,7,7,6,24,11,20,Non,H,61,56 - 65,Non,2,-14.50298423,-2.041606707,-1.045887538,12.57557241,-1.773921201,1.805970149,2.833688699,16.26487368,17.74531974,7.119390977,15.15976012,-2.130997054,-0.733090395
SANOFI,0,376,A+,104,0,0,0,93,69,53,Oui,H,69,66 - 75,Non,211,-8.392984234,-1.523606707,-0.656887538,-64.12242759,-0.773921201,-3.194029851,-3.166311301,14.97587368,17.11131974,7.782390977,14.41676012,11.48600295,11.9899096
SARTORIUS STEDIM BIOTECH,0,114,D,28,2,1,2,30,15,20,Oui,H,55,46 - 55,Non,37,7.924015766,3.996393293,3.018112462,-100.5574276,-2.773921201,1.805970149,-1.166311301,32.16887368,34.00431974,19.52539098,26.96276012,2.357002946,15.3799096
SAVENCIA SA,0,155,D,17,0,0,0,39,29,20,Non,H,68,66 - 75,Non,50,-19.51398423,-2.554606707,-1.320887538,-11.80542759,-1.773921201,0.805970149,-0.166311301,17.87487368,17.83431974,6.537390977,16.05076012,-2.130997054,-1.420090395
SCHNEIDER ELECTRIC SE,0,1124,A+,96,0,0,0,74,49,42,Oui,H,57,56 - 65,Non,521,-8.853984234,-1.346606707,-0.668887538,-73.98342759,-0.773921201,-3.194029851,-4.166311301,16.51787368,18.16231974,7.662390977,15.49576012,1.883002946,5.313909605
SEB SA,0,200,A+,55,0,0,0,63,33,40,Non,H,65,56 - 65,Non,3,-6.861984234,0.274393293,-0.605887538,-72.24042759,-1.773921201,-3.194029851,-4.166311301,17.88487368,26.16831974,7.409390977,16.39876012,-0.286997054,2.637909605
SECHE ENVIRONNEMENT,0,94,D,23,3,3,1,35,19,20,Oui,H,65,56 - 65,Oui,16,30.38401577,-2.294606707,-1.316887538,-78.32642759,-1.773921201,-3.194029851,-4.166311301,11.93787368,12.55531974,3.672390977,11.16476012,-2.130997054,-1.544090395
SELECTIRENTE,0,102,C+,27,5,2,3,34,15,25,Non,H,47,46 - 55,Non,6,0.367015766,-1.714606707,-1.012887538,-60.69942759,-1.773921201,0.805970149,0.833688699,11.32187368,11.20731974,3.688390977,12.59976012,-2.130997054,16.1509096
SERGEFERRARI GROUP,0,27,D,21,6,2,2,21,17,12,Oui,H,61,56 - 65,Oui,19,6.917015766,-1.690606707,-0.759887538,-101.3414276,-0.773921201,2.805970149,1.833688699,13.45587368,13.71531974,5.851390977,12.58076012,2.429002946,-0.323090395
SOC D EXPLOSIFS PRODUITS CHIMIQUES,0,77,D,8,8,3,5,21,10,15,Non,H,54,46 - 55,Non,26,-22.05198423,-2.102606707,-1.218887538,495.9875724,-1.773921201,-1.194029851,-1.166311301,17.88887368,19.49031974,6.248390977,17.32876012,-1.353997054,-0.403090395
SOCIETE BIC,0,141,C+,65,1,1,1,48,28,28,Oui,H,62,56 - 65,Non,64,-2.446984234,0.182393293,0.781112462,-71.14242759,-2.773921201,2.805970149,2.833688699,24.16987368,25.87331974,15.48039098,20.59276012,-0.576997054,10.8249096
SOCIETE INDUSTRIELLE ET FINANCIERE DE L ARTOIS,0,1999,B+,8,1,1,1,35,31,8,Non,H,74,66 - 75,Non,250,95.38001577,-2.466606707,-0.898887538,5267.252572,-2.773921201,3.805970149,5.833688699,7.931873684,6.560319737,2.124390977,9.44176012,5.684002946,-0.631090395
SOCIETE L D C,0,102,B+,14,3,3,1,39,33,20,Oui,H,61,56 - 65,Non,32,-16.39298423,-1.730606707,-0.843887538,-46.69242759,-1.773921201,2.805970149,0.833688699,22.86487368,23.27431974,10.35239098,20.02076012,-2.130997054,0.236909605
SODEXO,0,1763,D,52,1,1,1,68,50,54,Oui,F,59,56 - 65,Non,1787,-6.426984234,1.069393293,-0.476887538,-84.76142759,-1.773921201,-3.194029851,-4.166311301,22.86487368,32.87931974,8.715390977,19.28376012,-2.130997054,0.161909605
SODIFRANCE,0,10,D,2,1,1,1,35,19,24,Non,H,65,56 - 65,Non,2,-11.99198423,-1.032606707,-0.881887538,-100.3014276,0.226078799,-3.194029851,-4.166311301,22.25887368,24.50731974,7.734390977,19.59076012,-2.130997054,0.393909605
SOGECLAIR,0,31,B+,24,2,2,1,28,24,11,Non,H,60,56 - 65,Oui,14,-17.13898423,-1.632606707,-0.964887538,-93.13442759,-0.773921201,-2.194029851,-2.166311301,20.13587368,22.53731974,8.242390977,18.94876012,-2.130997054,0.622909605
SOMFY SA,0,154,D,23,2,2,2,30,17,19,Non,H,43,36 - 45,Non,17,-9.579984234,1.116393293,1.038112462,-91.05942759,-1.773921201,2.805970149,0.833688699,30.92787368,32.77131974,17.87739098,27.78876012,-2.130997054,10.6139096
SOPRA STERIA GROUP,0,180,B+,64,7,3,5,41,34,23,Non,H,85,> 75,Non,34,-13.93198423,-1.236606707,-1.034887538,-55.11442759,-1.773921201,-3.194029851,-4.166311301,19.22187368,26.58931974,7.530390977,16.97176012,0.828002946,1.281909605
SQLI,0,27,B+,48,7,7,6,36,25,15,Non,H,53,46 - 55,Non,1,-7.630984234,-1.291606707,-0.688887538,-87.99542759,-0.773921201,-0.194029851,-0.166311301,19.35787368,19.19531974,7.855390977,16.11776012,-2.130997054,0.540909605
STEF,0,288,B+,24,3,0,3,51,32,33,Non,H,79,> 75,Oui,8,-17.25998423,-1.364606707,-1.056887538,-66.35442759,-0.773921201,0.805970149,-0.166311301,20.00287368,26.02831974,7.519390977,18.80176012,-2.130997054,-0.787090395
SUEZ,0,3371,B+,59,0,0,0,59,50,23,Oui,H,68,66 - 75,Non,255,-7.534984234,-2.169606707,-1.334887538,-95.78942759,-1.773921201,-3.194029851,-4.166311301,14.30987368,17.87131974,4.673390977,13.29376012,-1.658997054,0.793909605
SYNERGIE,0,57,D,20,1,1,1,28,25,13,Non,H,76,> 75,Non,35,-17.31798423,-0.941606707,-0.526887538,-93.63642759,-1.773921201,2.805970149,1.833688699,31.40487368,31.27031974,13.49739098,25.27176012,-2.130997054,-0.055090395
TARKETT,0,180,D,43,5,0,1,36,25,18,Non,H,52,46 - 55,Non,110,-12.37798423,-0.920606707,-0.602887538,-94.16442759,-1.773921201,-3.194029851,-1.166311301,19.04587368,24.53431974,9.662390977,17.09376012,-0.775997054,1.531909605
TELEPERFORMANCE SE,0,252,A+,85,0,0,0,53,30,26,Non,H,67,66 - 75,Oui,33,-5.374984234,-0.378606707,-0.505887538,-75.57642759,-1.773921201,-3.194029851,-4.166311301,15.10587368,21.71931974,7.702390977,14.39776012,-2.130997054,3.481909605
TELEVISION FRANCAISE 1,0,1454,B+,57,2,0,2,153,77,84,Oui,H,46,46 - 55,Non,11,21.88501577,-1.917606707,-0.989887538,-101.7134276,-2.773921201,0.805970149,0.833688699,10.06887368,8.790319737,2.959390977,11.46376012,-2.130997054,-2.827090395
TESSI,0,112,D,11,10,3,1,38,28,19,Non,F,53,46 - 55,Non,13,-14.41098423,-1.120606707,-0.891887538,-32.99142759,-1.773921201,-3.194029851,-0.166311301,21.70387368,26.37631974,8.526390977,19.13676012,-2.130997054,5.826909605
THALES,0,433,B+,47,3,3,1,83,43,69,Oui,H,50,46 - 55,Non,87,-10.64198423,0.774393293,-0.742887538,-85.90842759,-1.773921201,-3.194029851,-4.166311301,22.08887368,32.21431974,7.313390977,19.93776012,2.814002946,3.805909605
TIVOLY,0,13,D,4,3,3,3,37,31,21,Non,H,82,> 75,Oui,8,-21.96298423,-2.371606707,-1.267887538,-82.69142759,1.226078799,-1.194029851,-1.166311301,17.23887368,21.89731974,7.822390977,17.02276012,-2.130997054,1.692909605
TONNELLERIE FRANCOIS FRERES,0,60,B+,22,2,2,1,18,17,7,Non,F,53,46 - 55,Non,1,-9.630984234,-1.366606707,-0.332887538,-96.09542759,-1.773921201,2.805970149,2.833688699,21.59487368,21.04431974,11.83739098,18.66276012,-2.130997054,16.3699096
TOTAL SA,0,1840,A+,111,5,5,5,87,60,57,Oui,H,57,56 - 65,Non,205,-10.43598423,-2.015606707,-1.064887538,-69.15542759,-1.773921201,0.805970149,-0.166311301,11.48587368,13.17531974,4.822390977,12.23076012,-1.311997054,0.869909605
U10 CORP,0,14,D,5,1,1,1,9,5,5,Non,H,52,46 - 55,Oui,4,-16.84298423,-2.621606707,-1.280887538,-103.0554276,1.226078799,-0.194029851,-0.166311301,15.15187368,15.81631974,6.763390977,13.79476012,-2.130997054,0.558909605
UCAR,0,10,C+,9,2,2,2,24,16,11,Non,H,63,56 - 65,Oui,11,-3.091984234,-0.938606707,-0.385887538,-100.1894276,-0.773921201,2.805970149,2.833688699,18.79287368,17.96431974,7.985390977,15.97176012,-2.130997054,-1.040090395
UMANIS,0,24,D,9,3,2,1,28,19,15,Non,H,68,66 - 75,Non,22,-23.65898423,-0.940606707,-1.048887538,-106.9294276,1.226078799,-3.194029851,-4.166311301,29.44187368,46.66031974,11.49939098,28.66576012,-2.130997054,3.489909605
UNIBEL,0,84,C+,10,9,3,7,18,14,9,Non,H,55,46 - 55,Non,9,-10.92598423,-1.917606707,-1.005887538,599.9615724,-2.773921201,-3.194029851,-3.166311301,19.46287368,24.13831974,9.852390977,14.68376012,-1.504997054,5.381909605
UPERGY,0,13,D,9,4,4,2,18,13,9,Non,H,50,46 - 55,Oui,10,-0.262984234,-0.818606707,-0.569887538,-106.6134276,0.226078799,1.805970149,0.833688699,22.19087368,20.90531974,8.029390977,17.73476012,-2.130997054,-1.565090395
VALEO,0,346,A+,76,0,0,0,68,43,33,Oui,H,66,66 - 75,Non,240,-16.12498423,-0.243606707,-0.696887538,-90.63842759,-1.773921201,-3.194029851,-3.166311301,23.52487368,33.03431974,9.866390977,21.73976012,2.084002946,2.298909605
VEOLIA ENVIRONNEMENT,0,1617,A+,69,0,0,0,86,51,66,Oui,H,62,56 - 65,Non,407,0.051015766,-2.216606707,-1.364887538,-93.08442759,-1.773921201,-3.194029851,-4.166311301,12.69987368,13.72231974,3.496390977,12.66776012,-1.861997054,-1.934090395
VETOQUINOL S A,0,44,D,26,1,1,1,31,24,14,Oui,H,82,> 75,Non,25,-10.38598423,-1.534606707,-0.372887538,-82.20542759,-1.773921201,3.805970149,1.833688699,18.75587368,18.68731974,10.77839098,16.66276012,4.652002946,6.427909605
VICAT,0,140,C+,37,4,3,3,51,21,38,Oui,H,56,56 - 65,Oui,52,-10.58798423,-2.195606707,-1.057887538,-53.82542759,-2.773921201,-0.194029851,-0.166311301,14.49787368,15.48331974,6.611390977,13.42676012,-1.976997054,4.628909605
VIDELIO,0,29,D,6,12,4,0,27,24,15,Non,H,48,46 - 55,Non,5,4.297015766,-2.014606707,-1.301887538,-107.5714276,-1.773921201,-3.194029851,-3.166311301,15.18587368,14.00231974,3.662390977,13.41276012,-2.130997054,-3.621090395
VILMORIN & CIE,0,159,D,18,0,0,0,34,18,22,Non,H,61,56 - 65,Non,10,-3.861984234,-2.283606707,-1.184887538,-53.68542759,0.226078799,-3.194029851,-3.166311301,13.51387368,13.59431974,4.987390977,13.23876012,0.742002946,2.386909605
VRANKEN-POMMERY MONOPOLE,0,33,D,7,1,1,1,36,19,23,Oui,H,73,66 - 75,Oui,30,8.792015766,-2.701606707,-1.446887538,-67.31742759,-0.773921201,-3.194029851,-1.166311301,9.285873684,7.296319737,2.060390977,10.73676012,-2.130997054,-3.270090395
WAVESTONE,0,23,B+,25,3,3,1,26,17,14,Oui,F,57,56 - 65,Non,6,-8.142984234,0.945393293,-0.296887538,-103.6004276,-0.773921201,-3.194029851,-4.166311301,24.84887368,37.95131974,11.65439098,19.69876012,-2.130997054,5.057909605
WE CONNECT,0,8,D,12,2,2,1,11,3,11,Non,H,48,46 - 55,Oui,12,-23.00398423,-1.747606707,-1.134887538,-103.1574276,1.226078799,0.805970149,-1.166311301,20.54687368,28.48331974,8.753390977,21.73076012,-2.130997054,-0.153090395
WEDIA,0,7,D,7,0,0,0,13,10,4,Non,H,50,46 - 55,Non,3,3.229015766,-2.127606707,-0.946887538,-96.28342759,-0.773921201,-1.194029851,-2.166311301,12.09487368,10.98231974,4.590390977,12.24576012,-2.130997054,0.210909605
